2|3/19/2024 8:00:00 PM|2|4|Finished|0
3|3/19/2024 12:30:00 PM|3|5|Finished|0
4|3/21/2024 8:25:00 PM|4|23|Finished|0
5|4/12/2023 8:00:00 AM|5|6|Finished|0
6|6/3/2024 5:45:00 PM|6|6|Reserved|0
7|4/24/2024 4:15:00 PM|7|11|Reserved|0
8|4/20/2024 10:10:00 AM|8|13|Created|0
9|5/10/2024 4:00:00 PM|8|15|Reserved|0
10|3/20/2024 5:10:00 PM|9|30|Created|0
11|5/20/2024 9:00:00 PM|10|15|Created|0
12|5/27/2024 5:00:00 PM|10|10|Created|0
13|4/20/2024 9:00:00 PM|7|12|Reserved|0
14|6/6/2024 1:38:00 AM|9|1|Request|0
15|5/20/2024 11:00:00 AM|6|1|Request|0
16|5/29/2024 9:00:00 PM|11|10|Created|0
17|5/31/2024 1:50:28 PM|1|4|Request|0
18|7/9/2024 3:00:00 AM|12|7|Reserved|0
19|7/15/2024 6:57:00 PM|12|10|Created|0
20|7/8/2024 4:00:00 PM|13|30|Created|0
21|7/15/2024 4:00:00 PM|13|30|Created|0
22|7/9/2024 2:34:00 PM|14|10|Created|0
23|7/25/2024 2:34:00 PM|14|10|Created|0
